{
  "hawks": "hawks",
  "hawk": "hawks",
  "celtics": "celtics",
  "celtic": "celtics",
  "celts": "celtics",
  "celt": "celtics",
  "nets": "nets",
  "net": "nets",
  "next": "nets",
  "hornets": "hornets",
  "hornet": "hornets",
  "bulls": "bulls",
  "bull": "bulls",
  "bulles": "bulls",
  "bulle": "bulls",
  "polls": "bulls",
  "poll": "bulls",
  "pools": "bulls",
  "pool": "bulls",
  "the greatest team of all time": "bulls",
  "cavaliers": "cavaliers",
  "cavalier": "cavaliers",
  "cavs": "cavaliers",
  "cav": "cavaliers",
  "cat": "cavaliers",
  "cabs": "cavaliers",
  "cab": "cavaliers",
  "couch": "cavaliers",
  "mavericks": "mavericks",
  "maverick": "mavericks",
  "mavs": "mavericks",
  "mav": "mavericks",
  "nuggets": "nuggets",
  "nugget": "nuggets",
  "pistons": "pistons",
  "piston": "pistons",
  "warriors": "warriors",
  "warrior": "warriors",
  "larriors": "warriors",
  "dubs": "warriors",
  "dub": "warriors",
  "rockets": "rockets",
  "rocket": "rockets",
  "pacers": "pacers",
  "pacer": "pacers",
  "clippers": "clippers",
  "clipper": "clippers",
  "clips": "clippers",
  "lob city": "clippers",
  "lakers": "lakers",
  "laker": "lakers",
  "showtime": "lakers",
  "showtime lakers": "lakers",
  "grizzlies": "grizzlies",
  "grizzlie": "grizzlies",
  "heat": "heat",
  "heats": "heat",
  "bucks": "bucks",
  "buck": "bucks",
  "books": "bucks",
  "box": "bucks",
  "timberwolves": "timberwolves",
  "wolves": "timberwolves",
  "pelicans": "pelicans",
  "pels": "pelicans",
  "knicks": "knicks",
  "knick": "knicks",
  "nicksi": "knicks",
  "nick": "knicks",
  "thunder": "thunder",
  "thunders": "thunder",
  "okc": "thunder",
  "okay c": "thunder",
  "magic": "magic",
  "magics": "magic",
  "76ers": "76ers",
  "seventy sixers": "76ers",
  "suns": "suns",
  "sun": "suns",
  "sons": "suns",
  "son": "suns",
  "trail blazers": "trail blazers",
  "trail blazer": "trail blazers",
  "blazers": "trail blazers",
  "blazer": "trail blazers",
  "kings": "kings",
  "king": "kings",
  "kangs": "kings",
  "kang": "kings",
  "spurs": "spurs",
  "spur": "spurs",
  "raptors": "raptors",
  "raptor": "raptors",
  "jazz": "jazz",
  "jazzes": "jazz"
}